Null,Null,Home,Away,Null,Null,Null,xHome,xAway,xSpread,xTotal
1,12:00 AM,Alabama,Tennessee,1.14,1.119,72.3,82.5,80.9,-1.6,163.4
2,12:00 AM,Arizona,West Virginia,1.226,0.984,66,80.9,65,-15.9,145.9
3,12:00 AM,Arizona St.,Cincinnati,1.046,1.091,71.1,74.4,77.5,3.2,151.9
4,12:00 AM,Arkansas,LSU,1.266,1.101,70.9,89.8,78,-11.7,167.8
5,12:00 AM,Ball St.,Northern Illinois,1.133,1.049,64.3,72.8,67.4,-5.4,140.3
6,12:00 AM,Baylor,TCU,1.16,1.088,67.5,78.3,73.4,-4.9,151.7
7,12:00 AM,Belmont,Illinois St.,1.162,1.102,68,79,75,-4,154
8,12:00 AM,Bethune Cookman,Jackson St.,1.156,1.006,71.6,82.7,72,-10.7,154.8
9,12:00 AM,Boise St.,Air Force,1.216,0.838,63.9,77.7,53.6,-24.1,131.2
10,12:00 AM,Bradley,Illinois Chicago,1.153,1.078,66.8,76.9,72,-5,148.9
11,12:00 AM,Bryant,Vermont,1.026,1.138,62.1,63.7,70.7,7,134.4
12,12:00 AM,BYU,Utah,1.309,1.05,71.6,93.7,75.1,-18.5,168.8
13,12:00 AM,Cal Baptist,Utah Valley,1.117,1.072,67.5,75.4,72.4,-3.1,147.8
14,12:00 AM,Cal Poly,Cal St. Fullerton,1.122,1.095,81.1,90.9,88.8,-2.1,179.8
15,12:00 AM,Campbell,Monmouth,1.126,1.043,68.8,77.5,71.8,-5.7,149.2
16,12:00 AM,Charleston,Elon,1.182,1.188,67.6,80,80.3,0.3,160.3
17,12:00 AM,Coastal Carolina,Southern Miss,1.1,1.033,68.5,75.3,70.8,-4.6,146.1
18,12:00 AM,Colgate,Boston University,1.217,1.116,62.9,76.5,70.1,-6.4,146.6
19,12:00 AM,Colorado,UCF,1.137,1.142,70.4,80.1,80.4,0.3,160.5
20,12:00 AM,Connecticut,Villanova,1.202,0.99,61.1,73.4,60.4,-13,133.8
21,12:00 AM,Dartmouth,Columbia,1.13,1.117,69.6,78.6,77.7,-0.9,156.3
22,12:00 AM,Davidson,VCU,1.098,1.146,66.5,73,76.2,3.2,149.2
23,12:00 AM,Denver,North Dakota,1.225,1.2,67.9,83.1,81.5,-1.7,164.6
24,12:00 AM,DePaul,Seton Hall,0.985,1.022,65.4,64.4,66.8,2.4,131.2
25,12:00 AM,Detroit Mercy,Oakland,1.148,1.223,73,83.8,89.3,5.5,173.1
26,12:00 AM,Drexel,Northeastern,1.168,1.051,65.9,77.0,69.2,-7.7,146.2
27,0,Duke,Wake Forest,1.256,0.981,69.3,87.1,68,-19.1,155.1
28,0,Eastern Michigan,Kent St.,1.121,1.107,69.9,78.4,77.4,-1,155.8
29,0,Eastern Washington,Sacramento St.,1.164,1.096,73.6,85.7,80.7,-5,166.5
30,0,Fairfield,Canisius,1.159,1.023,64.1,74.3,65.6,-8.7,139.9
31,0,Florida,Auburn,1.231,1.051,70.5,86.8,74.1,-12.7,161
32,0,Florida A&M,Alcorn St.,1.11,0.992,69.3,76.9,68.7,-8.2,145.7
33,0,Fresno St.,Grand Canyon,0.987,1.011,68.5,67.6,69.2,1.6,136.8
34,0,George Washington,Richmond,1.221,1.115,70.8,86.4,78.9,-7.5,165.4
35,0,Georgia Southern,Troy,1.114,1.221,69.6,77.5,84.9,7.4,162.4
36,0,Georgia St.,Arkansas St.,1.032,1.088,73.7,76,80.2,4.2,156.2
37,0,Georgia Tech,Clemson,0.983,1.141,67.6,66.4,77.1,10.6,143.5
38,0,Gonzaga,San Francisco,1.285,0.965,67.6,86.8,65.2,-21.6,152.1
39,0,Hampton,UNC Wilmington,1.063,1.103,62.5,66.5,69,2.5,135.4
40,0,Harvard,Cornell,1.2,1.167,69.2,83,80.8,-2.3,163.8
41,0,Hawaii,CSUN,1.097,0.858,75.2,82.5,64.5,-18,147
42,0,Holy Cross,American,1.053,1.131,64.7,68.1,73.1,5,141.3
43,0,Houston Christian,UT Rio Grande Valley,1.101,1.137,63.6,70,72.2,2.3,142.2
44,0,Howard,Morgan St.,1.161,0.963,69.9,81.2,67.4,-13.9,148.6
45,0,Idaho,Portland St.,1.1,1.076,67.7,74.5,72.9,-1.6,147.4
46,0,Incarnate Word,Texas A&M Corpus Chris,1.017,1.052,64.3,65.4,67.7,2.3,133.1
47,0,Indiana St.,Drake,1.138,1.101,67.9,77.2,74.8,-2.5,152
48,0,Iona,Manhattan,1.158,1.06,71.5,82.8,75.8,-7,158.7
49,0,Jacksonville,Eastern Kentucky,1.103,1.112,62.9,69.3,69.9,0.6,139.2
50,0,James Madison,Texas St.,1.166,1.07,65,75.8,69.6,-6.3,145.4
51,0,Kansas City,Nebraska Omaha,1.029,1.023,67.9,69.9,69.5,-0.4,139.3
52,0,Kansas St.,Kansas,1.069,1.157,72.1,77.1,83.5,6.4,160.6
53,0,Kentucky,Mississippi,1.192,1.064,65.3,77.9,69.5,-8.4,147.3
54,0,Lamar,Stephen F. Austin,0.989,1.099,63.6,62.9,69.9,7,132.8
55,0,Lehigh,Lafayette,1.143,1.048,67.3,76.9,70.5,-6.4,147.4
56,0,Liberty,Delaware,1.271,1.02,59.5,75.6,60.7,-14.9,136.3
57,0,Lindenwood,Tennessee St.,1.12,1.048,75.8,84.8,79.4,-5.4,164.3
58,0,Long Beach St.,UC Santa Barbara,1.129,1.199,63.9,72.1,76.6,4.5,148.8
59,0,Louisville,Virginia Tech,1.241,1.105,70.8,87.8,78.2,-9.6,166.1
60,0,Loyola Chicago,Duquesne,1.094,1.185,69.3,75.8,82.1,6.3,157.9
61,0,Loyola MD,Bucknell,1.146,1.073,67.4,77.2,72.4,-4.9,149.6
62,0,Maine,Binghamton,1.038,0.973,62.4,64.8,60.7,-4.1,125.5
63,0,Marist,Quinnipiac,1.065,0.974,69.1,73.6,67.3,-6.3,141
64,0,McNeese,New Orleans,1.22,1.031,67.8,82.8,69.9,-12.8,152.7
65,0,Merrimack,Saint Peter's,1.103,1.061,61.8,68.2,65.6,-2.6,133.8
66,0,Michigan St.,Maryland,1.228,0.913,65.9,80.9,60.2,-20.8,141.1
67,0,Minnesota,Nebraska,0.978,1.151,62.7,61.3,72.2,10.8,133.5
68,0,Mississippi St.,Vanderbilt,1.057,1.189,71.6,75.7,85.1,9.4,160.8
69,0,Missouri,Oklahoma,1.203,1.153,65.7,79.1,75.8,-3.3,154.9
70,0,Montana,Idaho St.,1.19,1.119,65.8,78.3,73.6,-4.6,151.9
71,0,Montana St.,Weber St.,1.173,1.034,67.3,78.9,69.6,-9.3,148.5
72,0,Morehead St.,Eastern Illinois,1.086,1.028,63.3,68.8,65.1,-3.7,133.8
73,0,Mount St. Mary's,Rider,1.154,0.968,66.5,76.8,64.4,-12.4,141.1
74,0,Navy,Army,1.164,1.025,64.7,75.3,66.3,-9,141.6
75,0,New Hampshire,Albany,1.078,1.052,65.1,70.2,68.5,-1.7,138.7
76,0,New Mexico,Nevada,1.162,1.087,67.9,78.9,73.9,-5,152.8
77,0,New Mexico St.,FIU,1.183,1.06,70.8,83.7,75,-8.7,158.8
78,0,Norfolk St.,Coppin St.,1.166,0.939,67.8,79.1,63.7,-15.4,142.7
79,0,North Carolina A&T,Towson,1.024,1.128,64.5,66.1,72.8,6.7,138.9
80,0,North Florida,Bellarmine,1.159,1.224,68.2,79,83.4,4.4,162.4
81,0,Northern Arizona,Northern Colorado,1.084,1.215,65.4,70.9,79.5,8.6,150.5
82,0,Northern Iowa,Murray St.,1.135,1.033,66.6,75.6,68.8,-6.8,144.4
83,0,Notre Dame,Boston College,1.118,0.961,63.4,70.9,60.9,-10,131.8
84,0,Oklahoma St.,Iowa St.,1.064,1.176,73.1,77.8,86,8.1,163.8
85,0,Oral Roberts,North Dakota St.,1.013,1.168,66.2,67.1,77.3,10.3,144.4
86,0,Pacific,Seattle,1.073,1.016,65.6,70.3,66.6,-3.7,136.9
87,0,Penn,Yale,1.157,1.229,67.5,78.1,83,4.9,161.1
88,0,Pittsburgh,N.C. State,1.097,1.167,65.7,72.1,76.7,4.6,148.7
89,0,Portland,Saint Mary's,0.991,1.178,67.2,66.6,79.2,12.6,145.8
90,0,Prairie View A&M,Alabama St.,1.133,1.073,73.9,83.7,79.3,-4.4,163
91,0,Presbyterian,Winthrop,1.105,1.158,63.9,70.7,74.1,3.4,144.7
92,0,Princeton,Brown,1.066,0.987,63.1,67.3,62.3,-5,129.6
93,0,Providence,Georgetown,1.228,1.141,71.5,87.9,81.6,-6.3,169.4
94,0,Purdue,Illinois,1.122,1.243,64.1,72,79.7,7.8,151.7
95,0,Rhode Island,George Mason,1.079,1.096,62.7,67.7,68.8,1.1,136.5
96,0,Rice,Tulsa,1.1,1.253,65.4,71.9,81.9,10,153.9
97,0,Robert Morris,Green Bay,1.213,1.127,60.8,73.8,68.6,-5.3,142.4
98,0,Sacred Heart,Niagara,1.178,1.036,62.8,74,65.1,-8.9,139.1
99,0,Saint Joseph's,Dayton,1.003,1.084,67.6,67.8,73.3,5.5,141.1
100,0,Sam Houston St.,Western Kentucky,1.161,1.053,73.4,85.3,77.3,-8,162.5
101,0,Samford,Chattanooga,1.21,1.141,65.2,78.9,74.4,-4.5,153.4
102,0,San Diego,Santa Clara,1.063,1.22,71.7,76.2,87.5,11.3,163.7
103,0,SIUE,Tennessee Tech,1.132,0.877,64.7,73.2,56.7,-16.5,129.9
104,0,SMU,Florida St.,1.261,1.077,73.6,92.8,79.3,-13.5,172.1
105,0,South Dakota,St. Thomas,1.09,1.201,72.2,78.7,86.7,8,165.3
106,0,Southeastern Louisiana,Nicholls,1.056,0.992,67,70.7,66.4,-4.3,137.1
107,0,Southern,Arkansas Pine Bluff,1.137,1.035,74.2,84.4,76.8,-7.6,161.2
108,0,Stanford,California,1.137,1.056,66.7,75.9,70.5,-5.4,146.4
109,0,Syracuse,Miami FL,1.074,1.092,69.3,74.5,75.7,1.3,150.2
110,0,Texas,Georgia,1.143,1.137,74.1,84.7,84.3,-0.4,169
111,0,Texas A&M,South Carolina,1.196,1.036,69.5,83.2,72,-11.1,155.2
112,0,Texas Southern,Alabama A&M,1.069,1.074,67.7,72.4,72.7,0.3,145.1
113,0,Texas Tech,Houston,1.056,1.161,63.4,66.9,73.6,6.7,140.5
114,0,Toledo,Bowling Green,1.14,1.171,68.8,78.4,80.5,2.1,158.9
115,0,UC Davis,UC Riverside,1.187,1.046,69.3,82.3,72.5,-9.8,154.8
116,0,UC San Diego,UC Irvine,1.098,1.03,67.5,74.1,69.5,-4.6,143.6
117,0,UCLA,Northwestern,1.213,1.095,63.1,76.5,69.1,-7.4,145.6
118,0,UMBC,UMass Lowell,1.188,1.088,68,80.8,74,-6.8,154.8
119,0,UNLV,San Diego St.,1.068,1.149,72,76.8,82.7,5.9,159.5
120,0,Utah Tech,Southern Utah,1.134,1.024,68.8,78.1,70.5,-7.6,148.5
121,0,UTEP,Missouri St.,1.078,1.145,61.9,66.7,70.9,4.1,137.6
122,0,UTSA,Temple,0.993,1.209,67.2,66.7,81.2,14.5,147.9
123,0,Virginia,North Carolina,1.153,1.082,65.8,75.9,71.2,-4.7,147.1
124,0,Washington St.,Pepperdine,1.176,1.015,66,77.6,67,-10.6,144.6
125,0,West Georgia,Queens,1.113,1.226,70.3,78.2,86.2,7.9,164.4
126,0,Western Carolina,VMI,1.183,1.068,67.9,80.3,72.5,-7.9,152.8
127,0,Western Michigan,Central Michigan,1.204,1.077,66.2,79.7,71.3,-8.4,151.1
128,0,Wichita St.,Memphis,1.073,1.031,66.2,71,68.3,-2.8,139.3
129,0,William & Mary,Hofstra,1.156,1.102,71.9,83.1,79.2,-3.9,162.3
130,0,Wofford,Mercer,1.186,1.217,70.2,83.3,85.4,2.1,168.7
131,0,Wright St.,Northern Kentucky,1.181,1.078,68.1,80.4,73.4,-7,153.9
132,0,Wyoming,San Jose St.,1.207,1.077,63.1,76.2,67.9,-8.2,144.1
133,0,Xavier,St. John's,1.113,1.168,73.1,81.3,85.3,4,166.6
134,0,Youngstown St.,Milwaukee,1.174,1.104,67.4,79.2,74.4,-4.7,153.6
